hora_utc,cpu_pct,memoria
03:39:48,4.76%,419.6MiB / 2.83GiB
03:39:59,79.70%,516.2MiB / 2.83GiB
03:40:12,75.20%,609.8MiB / 2.83GiB
03:40:23,17.82%,730.5MiB / 2.83GiB
03:40:34,17.15%,814.1MiB / 2.83GiB
03:40:46,13.14%,815.4MiB / 2.83GiB
03:40:57,16.84%,819.2MiB / 2.83GiB
03:41:08,12.80%,819.1MiB / 2.83GiB
03:41:21,10.25%,828.1MiB / 2.83GiB
03:41:33,7.75%,822.5MiB / 2.83GiB
03:41:44,12.41%,822.8MiB / 2.83GiB
03:41:55,6.45%,823.8MiB / 2.83GiB
03:42:07,11.09%,823.3MiB / 2.83GiB
03:42:18,14.04%,864.1MiB / 2.83GiB
03:42:30,14.84%,865MiB / 2.83GiB
03:42:42,152.89%,875.9MiB / 2.83GiB
03:42:53,19.62%,868.8MiB / 2.83GiB
03:43:05,108.70%,875.6MiB / 2.83GiB
03:43:16,232.69%,871.2MiB / 2.83GiB
03:43:28,20.55%,863.6MiB / 2.83GiB
03:43:39,21.49%,866.1MiB / 2.83GiB
03:43:51,21.46%,852.6MiB / 2.83GiB
03:44:03,3.47%,847.4MiB / 2.83GiB
03:44:14,10.15%,841.1MiB / 2.83GiB
03:44:25,0.00%,0B / 0B
