service_display_name,name,quantity,region,service_id,sku,"total_price, USD",notes
Instance VM web server (Compute Engine),E2 Instance Core running in Americas,1460.0,us-east1,6F81-5844-456A,CF4E-A0C7-E3BF,31.84492,
Instance VM web server (Compute Engine),E2 Instance Ram running in Americas,1460.0,us-east1,6F81-5844-456A,F449-33EC-A5EF,4.26835,
Instance VM web server (Compute Engine),Balanced PD Capacity,30.0,us-east1,6F81-5844-456A,6AE1-525F-8B80,3,
Instances vm worker + cola + asynq (Compute Engine),E2 Instance Core running in Americas,1460.0,us-east1,6F81-5844-456A,CF4E-A0C7-E3BF,31.84492,
Instances vm worker + cola + asynq (Compute Engine),E2 Instance Ram running in Americas,1460.0,us-east1,6F81-5844-456A,F449-33EC-A5EF,4.26835,
Instances vm worker + cola + asynq (Compute Engine),Balanced PD Capacity,30.0,us-east1,6F81-5844-456A,6AE1-525F-8B80,3,
PostgreSQL  (Cloud SQL),Cloud SQL for PostgreSQL: Zonal - vCPU in Americas,730.0,us-east1,9662-B51E-5089,965E-7C36-08E6,30.149,
PostgreSQL  (Cloud SQL),Cloud SQL for PostgreSQL: Zonal - RAM in Americas,2737.5,us-east1,9662-B51E-5089,93DA-3F55-CB04,19.1625,
PostgreSQL  (Cloud SQL),Cloud SQL for PostgreSQL: Zonal - Standard storage in Americas,7300.0,us-east1,9662-B51E-5089,C18F-7FE0-0717,1.7,
IP Address (Networking),External IP Charge on a Standard VM,2.0,global,6F81-5844-456A,C054-7F72-A02E,3.65,
IP Address (Networking),External IP Charge on a Spot Preemptible VM,0.0,global,6F81-5844-456A,4AF8-7C1F-39C4,0,
IP Address (Networking),Static Ip Charge,0.0,us-east1,6F81-5844-456A,66A2-68EA-56BE,0,
Data Transfer  (Networking),Network Internet Data Transfer Out from Americas to South America,5.0,,6F81-5844-456A,03A5-1B2A-3485,0.76,
Data Transfer  (Networking),Network Inter Zone Data Transfer Out,0.0,global,6F81-5844-456A,DE9E-AFBC-A15A,0,
Cloud Storage,Regional Standard Class A Operations,1000.0,global,95FF-2EF5-5EA1,4DBF-185F-A415,0,
Cloud Storage,Regional Standard Class B Operations,250000.0,global,95FF-2EF5-5EA1,7870-010B-2763,0.08,
Cloud Storage,Standard Storage US Regional,3.0,us-east1,95FF-2EF5-5EA1,E5F0-6A5D-7BAD,0,
,,,,,,,
,,,,,Total Price:,133.72805,
,,,,,,,
"Prices are in US dollars, effective date is 2026-09-26T18:17:45.181Z",,,,,,,
,,,,,,,
The estimated fees provided by Google Cloud Pricing Calculator are for discussion purposes only and are not binding on either you or Google. Your actual fees may be higher or lower than the estimate.,,,,,,,
,,,,,,,
Url to the estimate:,https://cloud.google.com/calculator?dl=CjhDaVEzWXpFMFpXUXhZaTAwWVdVM0xUUmpNREF0WWpBMU1pMWlPRGM0TURNME5XUmhOalVRQVE9PRokNjg4NzdEQTQtMTQzRC00MkM3LTk1MUUtNTlDRjkxOEZERTY4,,,,,,